REGION,POSTNR
Region Hovedstaden,783
Region Hovedstaden,784
Region Hovedstaden,785
Region Hovedstaden,800
Region Hovedstaden,900
Region Hovedstaden,913
Region Hovedstaden,914
Region Hovedstaden,917
Region Hovedstaden,960
Region Hovedstaden,999
Region Hovedstaden,1000
Region Hovedstaden,1050
Region Hovedstaden,1051
Region Hovedstaden,1052
Region Hovedstaden,1053
Region Hovedstaden,1054
Region Hovedstaden,1055
Region Hovedstaden,1056
Region Hovedstaden,1057
Region Hovedstaden,1058
Region Hovedstaden,1059
Region Hovedstaden,1060
Region Hovedstaden,1061
Region Hovedstaden,1062
Region Hovedstaden,1063
Region Hovedstaden,1064
Region Hovedstaden,1065
Region Hovedstaden,1066
Region Hovedstaden,1067
Region Hovedstaden,1068
Region Hovedstaden,1069
Region Hovedstaden,1070
Region Hovedstaden,1071
Region Hovedstaden,1072
Region Hovedstaden,1073
Region Hovedstaden,1074
Region Hovedstaden,1092
Region Hovedstaden,1093
Region Hovedstaden,1095
Region Hovedstaden,1098
Region Hovedstaden,1100
Region Hovedstaden,1101
Region Hovedstaden,1102
Region Hovedstaden,1103
Region Hovedstaden,1104
Region Hovedstaden,1105
Region Hovedstaden,1106
Region Hovedstaden,1107
Region Hovedstaden,1110
Region Hovedstaden,1111
Region Hovedstaden,1112
Region Hovedstaden,1113
Region Hovedstaden,1114
Region Hovedstaden,1115
Region Hovedstaden,1116
Region Hovedstaden,1117
Region Hovedstaden,1118
Region Hovedstaden,1119
Region Hovedstaden,1120
Region Hovedstaden,1121
Region Hovedstaden,1122
Region Hovedstaden,1123
Region Hovedstaden,1124
Region Hovedstaden,1125
Region Hovedstaden,1126
Region Hovedstaden,1127
Region Hovedstaden,1128
Region Hovedstaden,1129
Region Hovedstaden,1130
Region Hovedstaden,1131
Region Hovedstaden,1140
Region Hovedstaden,1147
Region Hovedstaden,1148
Region Hovedstaden,1150
Region Hovedstaden,1151
Region Hovedstaden,1152
Region Hovedstaden,1153
Region Hovedstaden,1154
Region Hovedstaden,1155
Region Hovedstaden,1156
Region Hovedstaden,1157
Region Hovedstaden,1158
Region Hovedstaden,1159
Region Hovedstaden,1160
Region Hovedstaden,1161
Region Hovedstaden,1162
Region Hovedstaden,1164
Region Hovedstaden,1165
Region Hovedstaden,1166
Region Hovedstaden,1167
Region Hovedstaden,1168
Region Hovedstaden,1169
Region Hovedstaden,1170
Region Hovedstaden,1171
Region Hovedstaden,1172
Region Hovedstaden,1173
Region Hovedstaden,1174
Region Hovedstaden,1175
Region Hovedstaden,1200
Region Hovedstaden,1201
Region Hovedstaden,1202
Region Hovedstaden,1203
Region Hovedstaden,1204
Region Hovedstaden,1205
Region Hovedstaden,1206
Region Hovedstaden,1207
Region Hovedstaden,1208
Region Hovedstaden,1209
Region Hovedstaden,1210
Region Hovedstaden,1211
Region Hovedstaden,1213
Region Hovedstaden,1214
Region Hovedstaden,1215
Region Hovedstaden,1216
Region Hovedstaden,1217
Region Hovedstaden,1218
Region Hovedstaden,1219
Region Hovedstaden,1220
Region Hovedstaden,1221
Region Hovedstaden,1240
Region Hovedstaden,1250
Region Hovedstaden,1251
Region Hovedstaden,1252
Region Hovedstaden,1253
Region Hovedstaden,1254
Region Hovedstaden,1255
Region Hovedstaden,1256
Region Hovedstaden,1257
Region Hovedstaden,1259
Region Hovedstaden,1260
Region Hovedstaden,1261
Region Hovedstaden,1263
Region Hovedstaden,1264
Region Hovedstaden,1265
Region Hovedstaden,1266
Region Hovedstaden,1267
Region Hovedstaden,1268
Region Hovedstaden,1270
Region Hovedstaden,1271
Region Hovedstaden,1300
Region Hovedstaden,1301
Region Hovedstaden,1302
Region Hovedstaden,1303
Region Hovedstaden,1304
Region Hovedstaden,1306
Region Hovedstaden,1307
Region Hovedstaden,1308
Region Hovedstaden,1309
Region Hovedstaden,1310
Region Hovedstaden,1311
Region Hovedstaden,1312
Region Hovedstaden,1313
Region Hovedstaden,1314
Region Hovedstaden,1315
Region Hovedstaden,1316
Region Hovedstaden,1317
Region Hovedstaden,1318
Region Hovedstaden,1319
Region Hovedstaden,1320
Region Hovedstaden,1321
Region Hovedstaden,1322
Region Hovedstaden,1323
Region Hovedstaden,1324
Region Hovedstaden,1325
Region Hovedstaden,1326
Region Hovedstaden,1327
Region Hovedstaden,1328
Region Hovedstaden,1329
Region Hovedstaden,1350
Region Hovedstaden,1352
Region Hovedstaden,1353
Region Hovedstaden,1354
Region Hovedstaden,1355
Region Hovedstaden,1356
Region Hovedstaden,1357
Region Hovedstaden,1358
Region Hovedstaden,1359
Region Hovedstaden,1360
Region Hovedstaden,1361
Region Hovedstaden,1362
Region Hovedstaden,1363
Region Hovedstaden,1364
Region Hovedstaden,1365
Region Hovedstaden,1366
Region Hovedstaden,1367
Region Hovedstaden,1368
Region Hovedstaden,1369
Region Hovedstaden,1370
Region Hovedstaden,1371
Region Hovedstaden,1400
Region Hovedstaden,1401
Region Hovedstaden,1402
Region Hovedstaden,1403
Region Hovedstaden,1406
Region Hovedstaden,1407
Region Hovedstaden,1408
Region Hovedstaden,1409
Region Hovedstaden,1410
Region Hovedstaden,1411
Region Hovedstaden,1412
Region Hovedstaden,1413
Region Hovedstaden,1414
Region Hovedstaden,1415
Region Hovedstaden,1416
Region Hovedstaden,1417
Region Hovedstaden,1418
Region Hovedstaden,1419
Region Hovedstaden,1420
Region Hovedstaden,1421
Region Hovedstaden,1422
Region Hovedstaden,1423
Region Hovedstaden,1424
Region Hovedstaden,1425
Region Hovedstaden,1426
Region Hovedstaden,1427
Region Hovedstaden,1428
Region Hovedstaden,1429
Region Hovedstaden,1430
Region Hovedstaden,1432
Region Hovedstaden,1433
Region Hovedstaden,1434
Region Hovedstaden,1435
Region Hovedstaden,1436
Region Hovedstaden,1437
Region Hovedstaden,1438
Region Hovedstaden,1439
Region Hovedstaden,1440
Region Hovedstaden,1441
Region Hovedstaden,1448
Region Hovedstaden,1450
Region Hovedstaden,1451
Region Hovedstaden,1452
Region Hovedstaden,1453
Region Hovedstaden,1454
Region Hovedstaden,1455
Region Hovedstaden,1456
Region Hovedstaden,1457
Region Hovedstaden,1458
Region Hovedstaden,1459
Region Hovedstaden,1460
Region Hovedstaden,1462
Region Hovedstaden,1463
Region Hovedstaden,1464
Region Hovedstaden,1466
Region Hovedstaden,1467
Region Hovedstaden,1468
Region Hovedstaden,1470
Region Hovedstaden,1471
Region Hovedstaden,1472
Region Hovedstaden,1473
Region Hovedstaden,1500
Region Hovedstaden,1532
Region Hovedstaden,1533
Region Hovedstaden,1550
Region Hovedstaden,1551
Region Hovedstaden,1552
Region Hovedstaden,1553
Region Hovedstaden,1554
Region Hovedstaden,1555
Region Hovedstaden,1556
Region Hovedstaden,1557
Region Hovedstaden,1558
Region Hovedstaden,1559
Region Hovedstaden,1560
Region Hovedstaden,1561
Region Hovedstaden,1562
Region Hovedstaden,1563
Region Hovedstaden,1564
Region Hovedstaden,1566
Region Hovedstaden,1567
Region Hovedstaden,1568
Region Hovedstaden,1569
Region Hovedstaden,1570
Region Hovedstaden,1571
Region Hovedstaden,1572
Region Hovedstaden,1573
Region Hovedstaden,1574
Region Hovedstaden,1575
Region Hovedstaden,1576
Region Hovedstaden,1577
Region Hovedstaden,1592
Region Hovedstaden,1599
Region Hovedstaden,1600
Region Hovedstaden,1601
Region Hovedstaden,1602
Region Hovedstaden,1603
Region Hovedstaden,1604
Region Hovedstaden,1605
Region Hovedstaden,1606
Region Hovedstaden,1607
Region Hovedstaden,1608
Region Hovedstaden,1609
Region Hovedstaden,1610
Region Hovedstaden,1611
Region Hovedstaden,1612
Region Hovedstaden,1613
Region Hovedstaden,1614
Region Hovedstaden,1615
Region Hovedstaden,1616
Region Hovedstaden,1617
Region Hovedstaden,1618
Region Hovedstaden,1619
Region Hovedstaden,1620
Region Hovedstaden,1621
Region Hovedstaden,1622
Region Hovedstaden,1623
Region Hovedstaden,1624
Region Hovedstaden,1630
Region Hovedstaden,1631
Region Hovedstaden,1632
Region Hovedstaden,1633
Region Hovedstaden,1634
Region Hovedstaden,1635
Region Hovedstaden,1650
Region Hovedstaden,1651
Region Hovedstaden,1652
Region Hovedstaden,1653
Region Hovedstaden,1654
Region Hovedstaden,1655
Region Hovedstaden,1656
Region Hovedstaden,1657
Region Hovedstaden,1658
Region Hovedstaden,1659
Region Hovedstaden,1660
Region Hovedstaden,1661
Region Hovedstaden,1662
Region Hovedstaden,1663
Region Hovedstaden,1664
Region Hovedstaden,1665
Region Hovedstaden,1666
Region Hovedstaden,1667
Region Hovedstaden,1668
Region Hovedstaden,1669
Region Hovedstaden,1670
Region Hovedstaden,1671
Region Hovedstaden,1672
Region Hovedstaden,1673
Region Hovedstaden,1674
Region Hovedstaden,1675
Region Hovedstaden,1676
Region Hovedstaden,1677
Region Hovedstaden,1699
Region Hovedstaden,1700
Region Hovedstaden,1701
Region Hovedstaden,1702
Region Hovedstaden,1703
Region Hovedstaden,1704
Region Hovedstaden,1705
Region Hovedstaden,1706
Region Hovedstaden,1707
Region Hovedstaden,1708
Region Hovedstaden,1709
Region Hovedstaden,1710
Region Hovedstaden,1711
Region Hovedstaden,1712
Region Hovedstaden,1714
Region Hovedstaden,1715
Region Hovedstaden,1716
Region Hovedstaden,1717
Region Hovedstaden,1718
Region Hovedstaden,1719
Region Hovedstaden,1720
Region Hovedstaden,1721
Region Hovedstaden,1722
Region Hovedstaden,1723
Region Hovedstaden,1724
Region Hovedstaden,1725
Region Hovedstaden,1726
Region Hovedstaden,1727
Region Hovedstaden,1728
Region Hovedstaden,1729
Region Hovedstaden,1730
Region Hovedstaden,1731
Region Hovedstaden,1732
Region Hovedstaden,1733
Region Hovedstaden,1734
Region Hovedstaden,1735
Region Hovedstaden,1736
Region Hovedstaden,1737
Region Hovedstaden,1738
Region Hovedstaden,1739
Region Hovedstaden,1749
Region Hovedstaden,1750
Region Hovedstaden,1751
Region Hovedstaden,1752
Region Hovedstaden,1753
Region Hovedstaden,1754
Region Hovedstaden,1755
Region Hovedstaden,1756
Region Hovedstaden,1757
Region Hovedstaden,1758
Region Hovedstaden,1759
Region Hovedstaden,1760
Region Hovedstaden,1761
Region Hovedstaden,1762
Region Hovedstaden,1763
Region Hovedstaden,1764
Region Hovedstaden,1765
Region Hovedstaden,1766
Region Hovedstaden,1770
Region Hovedstaden,1771
Region Hovedstaden,1772
Region Hovedstaden,1773
Region Hovedstaden,1774
Region Hovedstaden,1775
Region Hovedstaden,1777
Region Hovedstaden,1780
Region Hovedstaden,1785
Region Hovedstaden,1786
Region Hovedstaden,1787
Region Hovedstaden,1790
Region Hovedstaden,1799
Region Hovedstaden,1800
Region Hovedstaden,1801
Region Hovedstaden,1802
Region Hovedstaden,1803
Region Hovedstaden,1804
Region Hovedstaden,1805
Region Hovedstaden,1806
Region Hovedstaden,1807
Region Hovedstaden,1808
Region Hovedstaden,1809
Region Hovedstaden,1810
Region Hovedstaden,1810
Region Hovedstaden,1811
Region Hovedstaden,1812
Region Hovedstaden,1813
Region Hovedstaden,1814
Region Hovedstaden,1815
Region Hovedstaden,1816
Region Hovedstaden,1817
Region Hovedstaden,1818
Region Hovedstaden,1819
Region Hovedstaden,1820
Region Hovedstaden,1822
Region Hovedstaden,1823
Region Hovedstaden,1824
Region Hovedstaden,1825
Region Hovedstaden,1826
Region Hovedstaden,1827
Region Hovedstaden,1828
Region Hovedstaden,1829
Region Hovedstaden,1850
Region Hovedstaden,1851
Region Hovedstaden,1852
Region Hovedstaden,1853
Region Hovedstaden,1854
Region Hovedstaden,1855
Region Hovedstaden,1856
Region Hovedstaden,1857
Region Hovedstaden,1860
Region Hovedstaden,1861
Region Hovedstaden,1862
Region Hovedstaden,1863
Region Hovedstaden,1864
Region Hovedstaden,1865
Region Hovedstaden,1866
Region Hovedstaden,1867
Region Hovedstaden,1868
Region Hovedstaden,1870
Region Hovedstaden,1871
Region Hovedstaden,1872
Region Hovedstaden,1873
Region Hovedstaden,1874
Region Hovedstaden,1875
Region Hovedstaden,1876
Region Hovedstaden,1877
Region Hovedstaden,1878
Region Hovedstaden,1879
Region Hovedstaden,1900
Region Hovedstaden,1901
Region Hovedstaden,1902
Region Hovedstaden,1903
Region Hovedstaden,1904
Region Hovedstaden,1905
Region Hovedstaden,1906
Region Hovedstaden,1908
Region Hovedstaden,1909
Region Hovedstaden,1910
Region Hovedstaden,1911
Region Hovedstaden,1912
Region Hovedstaden,1913
Region Hovedstaden,1914
Region Hovedstaden,1915
Region Hovedstaden,1916
Region Hovedstaden,1917
Region Hovedstaden,1920
Region Hovedstaden,1921
Region Hovedstaden,1922
Region Hovedstaden,1923
Region Hovedstaden,1924
Region Hovedstaden,1925
Region Hovedstaden,1926
Region Hovedstaden,1927
Region Hovedstaden,1928
Region Hovedstaden,1950
Region Hovedstaden,1951
Region Hovedstaden,1952
Region Hovedstaden,1953
Region Hovedstaden,1954
Region Hovedstaden,1955
Region Hovedstaden,1956
Region Hovedstaden,1957
Region Hovedstaden,1958
Region Hovedstaden,1959
Region Hovedstaden,1960
Region Hovedstaden,1961
Region Hovedstaden,1962
Region Hovedstaden,1963
Region Hovedstaden,1964
Region Hovedstaden,1965
Region Hovedstaden,1966
Region Hovedstaden,1967
Region Hovedstaden,1970
Region Hovedstaden,1971
Region Hovedstaden,1972
Region Hovedstaden,1973
Region Hovedstaden,1974
Region Hovedstaden,2000
Region Hovedstaden,2000
Region Hovedstaden,2100
Region Hovedstaden,2150
Region Hovedstaden,2200
Region Hovedstaden,2200
Region Hovedstaden,2300
Region Hovedstaden,2300
Region Hovedstaden,2400
Region Hovedstaden,2450
Region Hovedstaden,2500
Region Hovedstaden,2500
Region Hovedstaden,2600
Region Hovedstaden,2600
Region Hovedstaden,2605
Region Hovedstaden,2610
Region Hovedstaden,2610
Region Hovedstaden,2610
Region Hovedstaden,2620
Region Hovedstaden,2620
Region Hovedstaden,2625
Region Hovedstaden,2630
Region Hovedstaden,2635
Region Hovedstaden,2640
Region Hovedstaden,2640
Region Sjælland,2640
Region Sjælland,2640
Region Sjælland,2644
Region Hovedstaden,2650
Region Hovedstaden,2650
Region Hovedstaden,2660
Region Hovedstaden,2660
Region Hovedstaden,2665
Region Sjælland,2670
Region Sjælland,2680
Region Sjælland,2690
Region Sjælland,2690
Region Hovedstaden,2700
Region Hovedstaden,2720
Region Hovedstaden,2720
Region Hovedstaden,2730
Region Hovedstaden,2730
Region Hovedstaden,2730
Region Hovedstaden,2740
Region Hovedstaden,2740
Region Hovedstaden,2750
Region Hovedstaden,2750
Region Hovedstaden,2750
Region Hovedstaden,2760
Region Hovedstaden,2765
Region Hovedstaden,2770
Region Hovedstaden,2770
Region Hovedstaden,2791
Region Hovedstaden,2791
Region Hovedstaden,2800
Region Hovedstaden,2800
Region Hovedstaden,2800
Region Hovedstaden,2800
Region Hovedstaden,2820
Region Hovedstaden,2820
Region Hovedstaden,2830
Region Hovedstaden,2830
Region Hovedstaden,2840
Region Hovedstaden,2840
Region Hovedstaden,2850
Region Hovedstaden,2860
Region Hovedstaden,2860
Region Hovedstaden,2870
Region Hovedstaden,2880
Region Hovedstaden,2880
Region Hovedstaden,2880
Region Hovedstaden,2900
Region Hovedstaden,2900
Region Hovedstaden,2920
Region Hovedstaden,2930
Region Hovedstaden,2930
Region Hovedstaden,2942
Region Hovedstaden,2950
Region Hovedstaden,2950
Region Hovedstaden,2960
Region Hovedstaden,2970
Region Hovedstaden,2970
Region Hovedstaden,2970
Region Hovedstaden,2980
Region Hovedstaden,2980
Region Hovedstaden,2990
Region Hovedstaden,3000
Region Hovedstaden,3050
Region Hovedstaden,3060
Region Hovedstaden,3060
Region Hovedstaden,3070
Region Hovedstaden,3080
Region Hovedstaden,3100
Region Hovedstaden,3100
Region Hovedstaden,3120
Region Hovedstaden,3140
Region Hovedstaden,3150
Region Hovedstaden,3200
Region Hovedstaden,3200
Region Hovedstaden,3210
Region Hovedstaden,3220
Region Hovedstaden,3230
Region Hovedstaden,3230
Region Hovedstaden,3230
Region Hovedstaden,3250
Region Hovedstaden,3300
Region Hovedstaden,3300
Region Hovedstaden,3310
Region Hovedstaden,3310
Region Hovedstaden,3320
Region Hovedstaden,3320
Region Hovedstaden,3330
Region Hovedstaden,3360
Region Hovedstaden,3370
Region Hovedstaden,3390
Region Hovedstaden,3400
Region Hovedstaden,3400
Region Hovedstaden,3400
Region Hovedstaden,3450
Region Hovedstaden,3450
Region Hovedstaden,3450
Region Hovedstaden,3460
Region Hovedstaden,3460
Region Hovedstaden,3460
Region Hovedstaden,3480
Region Hovedstaden,3480
Region Hovedstaden,3480
Region Hovedstaden,3490
Region Hovedstaden,3490
Region Hovedstaden,3500
Region Hovedstaden,3500
Region Hovedstaden,3500
Region Hovedstaden,3500
Region Hovedstaden,3500
Region Hovedstaden,3520
Region Hovedstaden,3520
Region Hovedstaden,3520
Region Hovedstaden,3540
Region Hovedstaden,3540
Region Hovedstaden,3540
Region Hovedstaden,3540
Region Hovedstaden,3550
Region Hovedstaden,3550
Region Hovedstaden,3550
Region Hovedstaden,3550
Region Hovedstaden,3600
Region Hovedstaden,3600
Region Hovedstaden,3600
Region Hovedstaden,3630
Region Hovedstaden,3650
Region Hovedstaden,3660
Region Hovedstaden,3670
Region Sjælland,3670
Region Hovedstaden,3700
Region Hovedstaden,3720
Region Hovedstaden,3730
Region Hovedstaden,3740
Region Hovedstaden,3751
Region Hovedstaden,3760
Region Hovedstaden,3760
Region Hovedstaden,3770
Region Hovedstaden,3782
Region Hovedstaden,3790
Region Hovedstaden,4000
Region Sjælland,4000
Region Sjælland,4000
Region Sjælland,4030
Region Sjælland,4030
Region Sjælland,4040
Region Hovedstaden,4050
Region Sjælland,4060
Region Sjælland,4070
Region Sjælland,4100
Region Sjælland,4100
Region Sjælland,4100
Region Sjælland,4100
Region Sjælland,4100
Region Sjælland,4100
Region Sjælland,4130
Region Sjælland,4130
Region Sjælland,4140
Region Sjælland,4140
Region Sjælland,4140
Region Sjælland,4160
Region Sjælland,4160
Region Sjælland,4171
Region Sjælland,4173
Region Sjælland,4173
Region Sjælland,4174
Region Sjælland,4174
Region Sjælland,4180
Region Sjælland,4180
Region Sjælland,4180
Region Sjælland,4190
Region Sjælland,4190
Region Sjælland,4200
Region Sjælland,4200
Region Sjælland,4200
Region Sjælland,4200
Region Sjælland,4220
Region Sjælland,4230
Region Sjælland,4241
Region Sjælland,4242
Region Sjælland,4243
Region Sjælland,4243
Region Sjælland,4244
Region Sjælland,4245
Region Sjælland,4250
Region Sjælland,4250
Region Sjælland,4261
Region Sjælland,4261
Region Sjælland,4262
Region Sjælland,4262
Region Sjælland,4270
Region Sjælland,4270
Region Sjælland,4281
Region Sjælland,4291
Region Sjælland,4291
Region Sjælland,4293
Region Sjælland,4293
Region Sjælland,4295
Region Sjælland,4295
Region Sjælland,4296
Region Sjælland,4296
Region Sjælland,4300
Region Sjælland,4305
Region Sjælland,4320
Region Sjælland,4320
Region Sjælland,4320
Region Sjælland,4330
Region Sjælland,4330
Region Sjælland,4330
Region Sjælland,4340
Region Sjælland,4340
Region Sjælland,4350
Region Sjælland,4360
Region Sjælland,4360
Region Sjælland,4370
Region Sjælland,4370
Region Sjælland,4370
Region Sjælland,4390
Region Sjælland,4400
Region Sjælland,4420
Region Sjælland,4440
Region Sjælland,4450
Region Sjælland,4450
Region Sjælland,4460
Region Sjælland,4460
Region Sjælland,4470
Region Sjælland,4470
Region Sjælland,4480
Region Sjælland,4490
Region Sjælland,4500
Region Sjælland,4520
Region Sjælland,4532
Region Sjælland,4534
Region Sjælland,4534
Region Sjælland,4540
Region Sjælland,4550
Region Sjælland,4560
Region Sjælland,4571
Region Sjælland,4572
Region Sjælland,4573
Region Sjælland,4581
Region Sjælland,4583
Region Sjælland,4591
Region Sjælland,4591
Region Sjælland,4592
Region Sjælland,4593
Region Sjælland,4600
Region Sjælland,4600
Region Sjælland,4600
Region Sjælland,4621
Region Sjælland,4622
Region Sjælland,4622
Region Sjælland,4623
Region Sjælland,4623
Region Sjælland,4623
Region Sjælland,4632
Region Sjælland,4640
Region Sjælland,4640
Region Sjælland,4652
Region Sjælland,4652
Region Sjælland,4653
Region Sjælland,4653
Region Sjælland,4654
Region Sjælland,4660
Region Sjælland,4671
Region Sjælland,4672
Region Sjælland,4673
Region Sjælland,4681
Region Sjælland,4682
Region Sjælland,4682
Region Sjælland,4682
Region Sjælland,4683
Region Sjælland,4683
Region Sjælland,4684
Region Sjælland,4684
Region Sjælland,4690
Region Sjælland,4690
Region Sjælland,4690
Region Sjælland,4700
Region Sjælland,4720
Region Sjælland,4733
Region Sjælland,4733
Region Sjælland,4733
Region Sjælland,4735
Region Sjælland,4736
Region Sjælland,4750
Region Sjælland,4750
Region Sjælland,4760
Region Sjælland,4771
Region Sjælland,4772
Region Sjælland,4773
Region Sjælland,4780
Region Sjælland,4791
Region Sjælland,4792
Region Sjælland,4793
Region Sjælland,4800
Region Sjælland,4840
Region Sjælland,4850
Region Sjælland,4862
Region Sjælland,4863
Region Sjælland,4871
Region Sjælland,4872
Region Sjælland,4873
Region Sjælland,4874
Region Sjælland,4880
Region Sjælland,4891
Region Sjælland,4892
Region Sjælland,4894
Region Sjælland,4894
Region Sjælland,4895
Region Sjælland,4900
Region Sjælland,4912
Region Sjælland,4913
Region Sjælland,4920
Region Sjælland,4930
Region Sjælland,4930
Region Sjælland,4941
Region Sjælland,4942
Region Sjælland,4943
Region Sjælland,4944
Region Sjælland,4945
Region Sjælland,4951
Region Sjælland,4952
Region Sjælland,4953
Region Sjælland,4960
Region Sjælland,4970
Region Sjælland,4983
Region Sjælland,4990
Region Syddanmark,5000
Region Syddanmark,5200
Region Syddanmark,5210
Region Syddanmark,5220
Region Syddanmark,5230
Region Syddanmark,5240
Region Syddanmark,5250
Region Syddanmark,5260
Region Syddanmark,5270
Region Syddanmark,5270
Region Syddanmark,5290
Region Syddanmark,5300
Region Syddanmark,5320
Region Syddanmark,5330
Region Syddanmark,5330
Region Syddanmark,5350
Region Syddanmark,5370
Region Syddanmark,5380
Region Syddanmark,5390
Region Syddanmark,5400
Region Syddanmark,5450
Region Syddanmark,5462
Region Syddanmark,5463
Region Syddanmark,5464
Region Syddanmark,5466
Region Syddanmark,5471
Region Syddanmark,5474
Region Syddanmark,5485
Region Syddanmark,5491
Region Syddanmark,5491
Region Syddanmark,5492
Region Syddanmark,5492
Region Syddanmark,5492
Region Syddanmark,5500
Region Syddanmark,5540
Region Syddanmark,5540
Region Syddanmark,5550
Region Syddanmark,5550
Region Syddanmark,5550
Region Syddanmark,5560
Region Syddanmark,5560
Region Syddanmark,5560
Region Syddanmark,5580
Region Syddanmark,5591
Region Syddanmark,5592
Region Syddanmark,5600
Region Syddanmark,5601
Region Syddanmark,5602
Region Syddanmark,5603
Region Syddanmark,5610
Region Syddanmark,5620
Region Syddanmark,5631
Region Syddanmark,5642
Region Syddanmark,5642
Region Syddanmark,5672
Region Syddanmark,5683
Region Syddanmark,5690
Region Syddanmark,5700
Region Syddanmark,5750
Region Syddanmark,5762
Region Syddanmark,5762
Region Syddanmark,5771
Region Syddanmark,5771
Region Syddanmark,5772
Region Syddanmark,5772
Region Syddanmark,5792
Region Syddanmark,5800
Region Syddanmark,5853
Region Syddanmark,5853
Region Syddanmark,5854
Region Syddanmark,5854
Region Syddanmark,5856
Region Syddanmark,5863
Region Syddanmark,5863
Region Syddanmark,5871
Region Syddanmark,5874
Region Syddanmark,5874
Region Syddanmark,5881
Region Syddanmark,5882
Region Syddanmark,5883
Region Syddanmark,5884
Region Syddanmark,5892
Region Syddanmark,5900
Region Syddanmark,5932
Region Syddanmark,5935
Region Syddanmark,5943
Region Syddanmark,5953
Region Syddanmark,5960
Region Syddanmark,5965
Region Syddanmark,5970
Region Syddanmark,5985
Region Syddanmark,6000
Region Syddanmark,6040
Region Syddanmark,6040
Region Syddanmark,6051
Region Syddanmark,6052
Region Syddanmark,6052
Region Syddanmark,6064
Region Syddanmark,6070
Region Syddanmark,6070
Region Syddanmark,6091
Region Syddanmark,6092
Region Syddanmark,6093
Region Syddanmark,6094
Region Syddanmark,6094
Region Syddanmark,6100
Region Syddanmark,6100
Region Syddanmark,6200
Region Syddanmark,6210
Region Syddanmark,6230
Region Syddanmark,6240
Region Syddanmark,6261
Region Syddanmark,6270
Region Syddanmark,6280
Region Syddanmark,6300
Region Syddanmark,6310
Region Syddanmark,6320
Region Syddanmark,6330
Region Syddanmark,6340
Region Syddanmark,6360
Region Syddanmark,6372
Region Syddanmark,6392
Region Syddanmark,6400
Region Syddanmark,6430
Region Syddanmark,6430
Region Syddanmark,6440
Region Syddanmark,6470
Region Syddanmark,6500
Region Syddanmark,6510
Region Syddanmark,6520
Region Syddanmark,6520
Region Syddanmark,6534
Region Syddanmark,6534
Region Syddanmark,6534
Region Syddanmark,6535
Region Syddanmark,6541
Region Syddanmark,6541
Region Syddanmark,6560
Region Syddanmark,6560
Region Syddanmark,6580
Region Syddanmark,6600
Region Syddanmark,6621
Region Syddanmark,6622
Region Syddanmark,6623
Region Syddanmark,6623
Region Syddanmark,6623
Region Syddanmark,6630
Region Syddanmark,6630
Region Syddanmark,6640
Region Syddanmark,6650
Region Syddanmark,6660
Region Syddanmark,6670
Region Syddanmark,6670
Region Syddanmark,6682
Region Syddanmark,6682
Region Syddanmark,6682
Region Syddanmark,6683
Region Syddanmark,6683
Region Syddanmark,6690
Region Syddanmark,6690
Region Syddanmark,6700
Region Syddanmark,6705
Region Syddanmark,6710
Region Syddanmark,6715
Region Syddanmark,6720
Region Syddanmark,6731
Region Syddanmark,6740
Region Syddanmark,6752
Region Syddanmark,6753
Region Syddanmark,6753
Region Syddanmark,6760
Region Syddanmark,6771
Region Syddanmark,6780
Region Syddanmark,6792
Region Syddanmark,6800
Region Syddanmark,6818
Region Syddanmark,6818
Region Syddanmark,6823
Region Syddanmark,6823
Region Midtjylland,6830
Region Syddanmark,6830
Region Syddanmark,6840
Region Syddanmark,6851
Region Syddanmark,6852
Region Syddanmark,6853
Region Syddanmark,6854
Region Syddanmark,6855
Region Syddanmark,6857
Region Syddanmark,6862
Region Midtjylland,6870
Region Syddanmark,6870
Region Midtjylland,6880
Region Syddanmark,6880
Region Midtjylland,6893
Region Midtjylland,6900
Region Midtjylland,6920
Region Midtjylland,6933
Region Midtjylland,6933
Region Midtjylland,6940
Region Midtjylland,6950
Region Midtjylland,6960
Region Midtjylland,6971
Region Midtjylland,6973
Region Midtjylland,6973
Region Midtjylland,6980
Region Midtjylland,6990
Region Midtjylland,6990
Region Midtjylland,6990
Region Midtjylland,6990
Region Syddanmark,7000
Region Syddanmark,7000
Region Syddanmark,7007
Region Syddanmark,7080
Region Midtjylland,7100
Region Syddanmark,7100
Region Midtjylland,7120
Region Syddanmark,7120
Region Midtjylland,7130
Region Midtjylland,7140
Region Midtjylland,7150
Region Midtjylland,7160
Region Syddanmark,7160
Region Midtjylland,7171
Region Syddanmark,7173
Region Syddanmark,7182
Region Syddanmark,7183
Region Syddanmark,7184
Region Syddanmark,7190
Region Syddanmark,7190
Region Syddanmark,7200
Region Syddanmark,7200
Region Syddanmark,7200
Region Syddanmark,7250
Region Midtjylland,7260
Region Syddanmark,7260
Region Midtjylland,7270
Region Midtjylland,7270
Region Syddanmark,7270
Region Midtjylland,7280
Region Midtjylland,7280
Region Syddanmark,7300
Region Syddanmark,7321
Region Midtjylland,7323
Region Syddanmark,7323
Region Midtjylland,7330
Region Midtjylland,7330
Region Syddanmark,7330
Region Midtjylland,7361
Region Syddanmark,7361
Region Midtjylland,7362
Region Midtjylland,7362
Region Midtjylland,7400
Region Midtjylland,7400
Region Midtjylland,7400
Region Midtjylland,7430
Region Midtjylland,7441
Region Midtjylland,7441
Region Midtjylland,7442
Region Midtjylland,7442
Region Midtjylland,7451
Region Midtjylland,7451
Region Midtjylland,7470
Region Midtjylland,7470
Region Midtjylland,7470
Region Midtjylland,7480
Region Midtjylland,7480
Region Midtjylland,7490
Region Midtjylland,7500
Region Midtjylland,7500
Region Midtjylland,7500
Region Midtjylland,7540
Region Midtjylland,7540
Region Midtjylland,7540
Region Midtjylland,7550
Region Midtjylland,7560
Region Midtjylland,7560
Region Midtjylland,7570
Region Midtjylland,7570
Region Midtjylland,7600
Region Midtjylland,7600
Region Midtjylland,7600
Region Midtjylland,7620
Region Midtjylland,7650
Region Midtjylland,7660
Region Midtjylland,7660
Region Midtjylland,7673
Region Midtjylland,7680
Region Nordjylland,7700
Region Nordjylland,7730
Region Nordjylland,7741
Region Nordjylland,7742
Region Nordjylland,7752
Region Nordjylland,7755
Region Nordjylland,7760
Region Midtjylland,7760
Region Nordjylland,7770
Region Midtjylland,7790
Region Midtjylland,7800
Region Midtjylland,7800
Region Midtjylland,7800
Region Midtjylland,7830
Region Midtjylland,7830
Region Midtjylland,7830
Region Midtjylland,7830
Region Midtjylland,7840
Region Midtjylland,7840
Region Midtjylland,7850
Region Midtjylland,7860
Region Midtjylland,7870
Region Midtjylland,7884
Region Nordjylland,7900
Region Nordjylland,7950
Region Nordjylland,7960
Region Nordjylland,7970
Region Nordjylland,7980
Region Nordjylland,7990
Region Midtjylland,8000
Region Midtjylland,8200
Region Midtjylland,8210
Region Midtjylland,8220
Region Midtjylland,8230
Region Midtjylland,8240
Region Midtjylland,8245
Region Midtjylland,8250
Region Midtjylland,8260
Region Midtjylland,8270
Region Midtjylland,8300
Region Midtjylland,8300
Region Midtjylland,8305
Region Midtjylland,8310
Region Midtjylland,8320
Region Midtjylland,8330
Region Midtjylland,8340
Region Midtjylland,8340
Region Midtjylland,8350
Region Midtjylland,8355
Region Midtjylland,8361
Region Midtjylland,8362
Region Midtjylland,8362
Region Midtjylland,8370
Region Midtjylland,8380
Region Midtjylland,8380
Region Midtjylland,8381
Region Midtjylland,8382
Region Midtjylland,8382
Region Midtjylland,8400
Region Midtjylland,8410
Region Midtjylland,8420
Region Midtjylland,8444
Region Midtjylland,8444
Region Midtjylland,8450
Region Midtjylland,8450
Region Midtjylland,8462
Region Midtjylland,8464
Region Midtjylland,8464
Region Midtjylland,8471
Region Midtjylland,8471
Region Midtjylland,8471
Region Midtjylland,8472
Region Midtjylland,8472
Region Midtjylland,8472
Region Midtjylland,8500
Region Midtjylland,8520
Region Midtjylland,8530
Region Midtjylland,8541
Region Midtjylland,8543
Region Midtjylland,8543
Region Midtjylland,8544
Region Midtjylland,8550
Region Midtjylland,8550
Region Midtjylland,8560
Region Midtjylland,8560
Region Midtjylland,8570
Region Midtjylland,8570
Region Midtjylland,8581
Region Midtjylland,8581
Region Midtjylland,8585
Region Midtjylland,8586
Region Midtjylland,8592
Region Midtjylland,8600
Region Midtjylland,8600
Region Midtjylland,8600
Region Midtjylland,8620
Region Midtjylland,8620
Region Midtjylland,8632
Region Midtjylland,8641
Region Midtjylland,8641
Region Midtjylland,8643
Region Midtjylland,8643
Region Midtjylland,8653
Region Midtjylland,8654
Region Midtjylland,8654
Region Midtjylland,8654
Region Midtjylland,8660
Region Midtjylland,8660
Region Midtjylland,8660
Region Midtjylland,8660
Region Midtjylland,8670
Region Midtjylland,8680
Region Midtjylland,8680
Region Midtjylland,8680
Region Midtjylland,8700
Region Midtjylland,8700
Region Midtjylland,8721
Region Midtjylland,8722
Region Midtjylland,8723
Region Midtjylland,8732
Region Midtjylland,8740
Region Midtjylland,8740
Region Midtjylland,8751
Region Midtjylland,8751
Region Midtjylland,8752
Region Midtjylland,8762
Region Midtjylland,8762
Region Midtjylland,8763
Region Midtjylland,8765
Region Midtjylland,8765
Region Midtjylland,8766
Region Midtjylland,8766
Region Midtjylland,8781
Region Midtjylland,8781
Region Midtjylland,8783
Region Midtjylland,8783
Region Midtjylland,8789
Region Midtjylland,8799
Region Midtjylland,8800
Region Midtjylland,8800
Region Midtjylland,8830
Region Midtjylland,8831
Region Midtjylland,8832
Region Midtjylland,8840
Region Midtjylland,8840
Region Midtjylland,8850
Region Midtjylland,8850
Region Midtjylland,8860
Region Midtjylland,8860
Region Midtjylland,8860
Region Midtjylland,8870
Region Midtjylland,8870
Region Midtjylland,8881
Region Midtjylland,8881
Region Midtjylland,8882
Region Midtjylland,8882
Region Midtjylland,8883
Region Midtjylland,8900
Region Midtjylland,8920
Region Midtjylland,8930
Region Midtjylland,8940
Region Midtjylland,8940
Region Midtjylland,8950
Region Midtjylland,8960
Region Midtjylland,8960
Region Midtjylland,8961
Region Midtjylland,8963
Region Midtjylland,8963
Region Nordjylland,8970
Region Midtjylland,8970
Region Midtjylland,8981
Region Midtjylland,8983
Region Nordjylland,8990
Region Midtjylland,8990
Region Nordjylland,9000
Region Nordjylland,9200
Region Nordjylland,9210
Region Nordjylland,9220
Region Nordjylland,9230
Region Nordjylland,9230
Region Nordjylland,9240
Region Nordjylland,9240
Region Nordjylland,9240
Region Nordjylland,9260
Region Nordjylland,9260
Region Nordjylland,9270
Region Nordjylland,9280
Region Nordjylland,9293
Region Nordjylland,9293
Region Nordjylland,9300
Region Nordjylland,9310
Region Nordjylland,9320
Region Nordjylland,9320
Region Nordjylland,9330
Region Nordjylland,9330
Region Nordjylland,9340
Region Nordjylland,9340
Region Nordjylland,9352
Region Nordjylland,9352
Region Nordjylland,9362
Region Nordjylland,9370
Region Nordjylland,9370
Region Nordjylland,9380
Region Nordjylland,9381
Region Nordjylland,9381
Region Nordjylland,9382
Region Nordjylland,9382
Region Nordjylland,9382
Region Nordjylland,9400
Region Nordjylland,9430
Region Nordjylland,9430
Region Nordjylland,9440
Region Nordjylland,9440
Region Nordjylland,9440
Region Nordjylland,9460
Region Nordjylland,9480
Region Nordjylland,9480
Region Nordjylland,9480
Region Nordjylland,9490
Region Nordjylland,9492
Region Nordjylland,9493
Region Nordjylland,9500
Region Nordjylland,9500
Region Midtjylland,9500
Region Nordjylland,9510
Region Nordjylland,9510
Region Nordjylland,9520
Region Nordjylland,9530
Region Nordjylland,9530
Region Nordjylland,9541
Region Nordjylland,9541
Region Nordjylland,9550
Region Midtjylland,9550
Region Nordjylland,9560
Region Nordjylland,9560
Region Nordjylland,9574
Region Nordjylland,9575
Region Nordjylland,9600
Region Nordjylland,9600
Region Nordjylland,9610
Region Nordjylland,9610
Region Nordjylland,9620
Region Nordjylland,9620
Region Nordjylland,9620
Region Midtjylland,9620
Region Nordjylland,9631
Region Midtjylland,9631
Region Nordjylland,9632
Region Midtjylland,9632
Region Nordjylland,9640
Region Nordjylland,9670
Region Nordjylland,9670
Region Nordjylland,9681
Region Nordjylland,9690
Region Nordjylland,9700
Region Nordjylland,9700
Region Nordjylland,9740
Region Nordjylland,9740
Region Nordjylland,9750
Region Nordjylland,9750
Region Nordjylland,9750
Region Nordjylland,9760
Region Nordjylland,9760
Region Nordjylland,9800
Region Nordjylland,9830
Region Nordjylland,9830
Region Nordjylland,9850
Region Nordjylland,9870
Region Nordjylland,9870
Region Nordjylland,9881
Region Nordjylland,9881
Region Nordjylland,9900
Region Nordjylland,9900
Region Nordjylland,9940
Region Nordjylland,9970
Region Nordjylland,9981
Region Nordjylland,9982
Region Nordjylland,9982
Region Nordjylland,9990